fold,f1
1,0.985691573926868
2,0.9889064976228209
3,0.9904458598726115
4,0.9919743178170144
5,0.9903536977491961
