size,train_mean,train_std,cv_mean,cv_std
303,0.9456565656565656,0.0049494949494949475,0.9341375932903808,0.009223793982605474
693,0.9574504010130858,0.0018573237653018103,0.9459280154255474,0.00800509405000917
1083,0.9658049122807018,0.0012444564331813924,0.9559954716962278,0.006780366952792465
1473,0.9676259507270972,0.0019729737648770686,0.9614283531525508,0.004924921098108024
1863,0.971694146216959,0.0004803618155935443,0.9653123220630538,0.005283014624487606
2253,0.9749692497927793,0.002862051905806889,0.9701835672621504,0.0038762420377101716
2643,0.9753801406643486,0.001694438714204178,0.9710935536889547,0.006361321503211937
3033,0.976986498751954,0.00143083257616783,0.9730297027282612,0.006832343847242964
